iCloudDrive/Documents/Classes/USSO 201/FinalProject/imgs/prods,2023
iCloudDrive/Documents/Classes/CSDS 281/ModelSim/Lab 2,2022
iCloudDrive/Documents/Classes/PHYS 122/Labs/LCR,2023
iCloudDrive/Documents/Classes/CSDS 325/CODE/PROJECT2/samp/SocketSample,2023
iCloudDrive/Documents/Classes/CSDS 310,2023
iCloudDrive/Documents/Classes/CHEM 111/SSM/Chapter 10,2018
iCloudDrive/Documents/Classes/PHYS 122/Labs/IND,2023
iCloudDrive/Documents/Classes/CHEM 111/SSM/Chapter 11,2018.4
iCloudDrive/Documents/Classes/CSDS 233/Programming Exercises/Courses,2021
iCloudDrive/Documents/Classes/CHEM 111/SSM/Chapter 12,2019.14
iCloudDrive/Documents/Classes/CHEM 111/SSM/Chapter 13,2019
iCloudDrive/Documents/Classes/CHEM 111/SSM/Chapter 14,2019
iCloudDrive/Documents/Classes/CHEM 111/SSM/Chapter 15,2020.67
iCloudDrive/Documents/Classes/CHEM 111/SSM/Chapter 16,2019.25
iCloudDrive/Documents/Classes/PHYS 122/Labs/MAG,2023
iCloudDrive/Documents/Classes/CHEM 111/SSM/Chapter 17,2018.71
iCloudDrive/Documents/Classes/CSDS 281/ModelSim/Homework 10,2022
iCloudDrive/Documents/Classes/CHEM 111/SSM/Chapter 18,2018.17
iCloudDrive/Documents/Classes/CSDS 325/CODE/PROJECT4/p4-all-samples-v1,2023
iCloudDrive/Documents/Classes/CSDS 281/ModelSim/Homework 11,2022
iCloudDrive/Documents/Classes/CSDS 281/ModelSim/Homework 10/work,2022
iCloudDrive/Documents/Classes/CHEM 111/SSM/Chapter 19,2018
iCloudDrive/Documents/Classes/MATH 121,2021
iCloudDrive/Documents/Classes/CSDS 325/CODE/PROJECT4/p4-all-samples-v2,2023
iCloudDrive/Documents/Classes/CSDS 281/ModelSim/Homework 9/work,2022
iCloudDrive/Documents/Classes/USSO 201/FinalProject/css,2023
iCloudDrive/Documents/Classes/MATH 122,2022
iCloudDrive/Documents/Classes/CSDS 338,2023
iCloudDrive/Documents/Classes/CSDS 325/CODE/PROJECT5/caps,2023
iCloudDrive/Documents/Classes/FSSY 117,2021
iCloudDrive/Documents/Classes/CSDS 325/CODE/PROJECT3/web-stuff,2023
iCloudDrive/Documents/Classes/CSDS 356,2023
iCloudDrive/Documents/Classes/CSDS 281/ModelSim/Lab 2/work,2022
iCloudDrive/Documents/Classes/USNA 240,2023
iCloudDrive/Documents/Classes/JDST 371,2022
iCloudDrive/Documents/Classes/CSDS 325/CODE/PROJECT2/samp/SimpleCodeSample,2023
iCloudDrive/Documents/Classes/PHYS 122/Labs/EPF,2023
iCloudDrive/Documents/Classes/CSDS 233/In Class,2021
iCloudDrive/Documents/Classes/USSO 201/FinalProject/mp3,2023
iCloudDrive/Documents/Classes/PHYS 122/Labs/RCCIR/Logger,2023
iCloudDrive/Documents/Classes/CSDS 233/Programming Exercises/P2P1,2021
iCloudDrive/Documents/Classes/CSDS 281/ModelSim/Homework 4/work,2022
iCloudDrive/Documents/Classes/CSDS 233/Programming Exercises/P2P2,2021
iCloudDrive/Documents/Classes/ENGR 398,2023
iCloudDrive/Documents/Classes/CSDS 393,2023
iCloudDrive/Documents/Classes/CSDS 325/CODE/PROJECT5/out,2023
iCloudDrive/Documents/Classes/CSDS 325/CODE/PROJECT2/samp,2023
iCloudDrive/Documents/Classes/MATH 201,2023
iCloudDrive/Documents/Classes/CHIN 101,2022
iCloudDrive/Documents/Classes/CSDS 233/Sample/LinkedList,2021
iCloudDrive/Documents/Classes/MATH 201/For Exam 2,2023
iCloudDrive/Documents/Classes/CSDS 281/ModelSim/Homework 8/work,2022
iCloudDrive/Documents/Classes/PHYS 121/SI,2022
iCloudDrive/Documents/Classes/CSDS 356/aim,2023
iCloudDrive/Documents/Classes/CSDS 281/Exams/1,2022
iCloudDrive/Documents/Classes/PHYS 121/Notetaking,2022
iCloudDrive/Documents/Classes/MATH 223,2022
iCloudDrive/Documents/Classes/CSDS 281/Exams/2,2022
iCloudDrive/Documents/Classes/CSDS 281/ModelSim/Homework 1/Sim/work,2022
iCloudDrive/Documents/Classes/PHYS 121/Labs/Lab #1,2022
iCloudDrive/Documents/Classes/PHYS 121/Labs/Lab #2,2022
iCloudDrive/Documents/Classes/PHYS 121/Labs/Lab #3,2022
iCloudDrive/Documents/Classes/PHYS 121/Labs/Lab #5,2022.5
iCloudDrive/Documents/Classes/PHYS 121/Labs/Lab #6,2022
Parent Path,0
iCloudDrive/Documents/Classes/USSO 201/FinalProject/imgs,2023
iCloudDrive/Documents/Classes/ENGL 398,2023
iCloudDrive/Documents/Classes/CSDS 233/Programming Exercises/P3,2021
iCloudDrive/Documents/Classes/CHEM 111,2021
iCloudDrive/Documents/Classes/CSDS 233/Programming Exercises/P4,2021
iCloudDrive/Documents/Classes/CSDS 325/project1,2023
iCloudDrive/Documents/Classes/CSDS 233/Programming Exercises/P5,2021
iCloudDrive/Documents/Classes/CSDS 233/SI Sessions,2021
iCloudDrive/Documents/Classes/CSDS 233/Programming Exercises/P6,2021
iCloudDrive/Documents/Classes/JDST 371/Sources for Essay 1,2022
iCloudDrive/Documents/Classes/CSDS 281/ModelSim/Homework 1/Sim,2022
iCloudDrive/Documents/Classes/STAT 312,2023
iCloudDrive/Documents/Classes/CSDS 281,2022
iCloudDrive/Documents/Classes/CSDS 302,2022
iCloudDrive/Documents/Classes/CSDS 233/Sample,2021
iCloudDrive/Documents/Classes/JDST 371/Gospels,2022
iCloudDrive/Documents/Classes/CHEM 111/SSM/Chapter 20,2019.25
iCloudDrive/Documents/Classes/CHEM 111/SSM/Chapter 1,2019.17
iCloudDrive/Documents/Classes/CHEM 111/SSM/Chapter 21,2018
iCloudDrive/Documents/Classes/CHEM 111/SSM/Chapter 2,2018.71
iCloudDrive/Documents/Classes/CSDS 281/ModelSim/Homework 1,2022
iCloudDrive/Documents/Classes/CHEM 111/SSM/Chapter 3,2019
iCloudDrive/Documents/Classes/CSDS 233/Sample/HelloWorld,2021
iCloudDrive/Documents/Classes/CHEM 111/SSM/Chapter 4,2018.6
iCloudDrive/Documents/Classes/CSDS 325,2023
iCloudDrive/Documents/Classes/CHEM 111/SSM/Chapter 5,2018.67
iCloudDrive/Documents/Classes/USSO 201/FinalProject/imgs/cnts,2023
iCloudDrive/Documents/Classes/CSDS 281/ModelSim/Homework 4,2022
iCloudDrive/Documents/Classes/CHEM 111/SSM/Chapter 6,2019.4
iCloudDrive/Documents/Classes/CHEM 111/SSM/Chapter 7,2018.17
iCloudDrive/Documents/Classes/CSDS 281/ModelSim/Homework 6,2022
iCloudDrive/Documents/Classes/CHEM 111/SSM/Chapter 8,2018
iCloudDrive/Documents/Classes/CSDS 281/ModelSim/Homework 7,2022
iCloudDrive/Documents/Classes/CHEM 111/SSM/Chapter 9,2019.17
iCloudDrive/Documents/Classes/CSDS 281/ModelSim/Homework 8,2022
iCloudDrive/Documents/Classes/MATH 201/For Exam 2/trans_comp_rref_egs,2022.4
iCloudDrive/Documents/Classes/CSDS 281/ModelSim/Homework 9,2022
iCloudDrive/Documents/Classes/PHYS 122/Labs/IND/D2,2023
iCloudDrive/Documents/Classes/CSDS 281/ModelSim/Homework 7/work,2022
iCloudDrive/Documents/Classes/PHYS 122/Labs/IND/D3,2023
iCloudDrive/Documents/Classes/PHYS 122/Labs/WAVES,2023
iCloudDrive/Documents/Classes/PHYS 122/Labs/IND/D4,2023
iCloudDrive/Documents/Classes/PHYS 122/Labs/DSO,2022
iCloudDrive/Documents/Classes/PHYS 121/Short Problems,2022
iCloudDrive/Documents/Classes/STAT 312/r/hw10,2023
iCloudDrive/Documents/Classes/PHYS 121,2022.15
iCloudDrive/Documents/Classes/PHYS 122,2023
iCloudDrive/Documents/Classes/PHYS 122/Labs/RCCIR,2023
iCloudDrive/Documents/Classes/CSDS 325/CODE/PROJECT2,2023
iCloudDrive/Documents/Classes/CSDS 325/CODE/PROJECT3,2023
iCloudDrive/Documents/Classes/CSDS 325/CODE/PROJECT4,2023
iCloudDrive/Documents/Classes/CSDS 281/Homework,2022
iCloudDrive/Documents/Classes/CSDS 325/CODE/PROJECT5,2023
iCloudDrive/Documents/Classes/PHYS 122/Labs/EOM,2022
iCloudDrive/Documents/Classes/USSO 201,2023
iCloudDrive/Documents/Classes/FSSY 117/Papers,2021
iCloudDrive/Documents/Classes/CSDS 325/CODE/PROJECT2/tmp,2023
iCloudDrive/Documents/Classes/CSDS 233/Asssignments/P3_gew39_Wolf/P3,2022
iCloudDrive/Documents/Classes/JDST 371/Under Crescent and Cross,2022
iCloudDrive/Documents/Classes/PHYS 121/Long Problems,2022
iCloudDrive/Documents/Classes/CSDS 281/Assembly/HW12,2022
iCloudDrive/Documents/Classes/USSO 201/FinalProject/js,2023
iCloudDrive/Documents/Classes/USSO 201/FinalProject,2023
iCloudDrive/Documents/Classes/CSDS 281/ModelSim/Homework 6/work,2022
iCloudDrive/Documents/Classes/CSDS 325/CODE/PROJECT3/client-out,2023
iCloudDrive/Documents/Classes/PHYS 122/Labs/DCCIR,2022
iCloudDrive/Documents/Classes/CSDS 233,2021.04
iCloudDrive/Documents/Classes/CSDS 281/ModelSim/Homework 11/work,2022
iCloudDrive/Documents/Classes/CSDS 233/Asssignments,2021.82
