Filename,Inode,Parent Path,Birth Time,Access Time,Modify Time,Change Time
1Password Emergency Kit A3-Z73QKN-bantamtechnologies.pdf,5629499534311670,Downloads,-,2023-06-05 14:46:28.647707700 -0400,2023-06-05 14:46:27.843527900 -0400,2023-06-05 14:46:27.843527900 -0400
2023 MAY WORKSHEET.xlsx,1970324836996845,Downloads,-,2023-10-24 14:49:04.966435800 -0400,2023-06-05 11:39:57.520744000 -0400,2023-06-05 11:40:01.198560700 -0400
7z2301-x64.exe,2533274790417616,Downloads,-,2023-11-08 04:54:59.211347900 -0500,2023-08-31 17:56:24.043900100 -0400,2023-08-31 17:56:25.317086900 -0400
APznzabzdz_hlsthWuwQn07BL2duag1SGwicHwvSmj-EAfPaNKZInTVCO59IOV7l79W8MwgNTooQF37L6QCk4dNYvpxWOKwf6hKYvkfGfa-Qwru4UsMAmQ2f7drT4mAwityoU5WvjntxvktgqPqaobF6fZipy6KqJ2hmGpMKIaMAVRyXmJ3rMmBDH.pdf,1688849860382757,Downloads,-,2023-05-07 10:49:43.826700000 -0400,2023-03-28 12:16:28.020448100 -0400,2023-03-28 12:16:34.249672600 -0400
Academic Advisement Report Substitution 8.1.23 (1).pdf,3096224743963199,Downloads,-,2023-11-20 14:19:33.141864300 -0500,2023-11-03 12:12:41.407501900 -0400,2023-11-03 12:13:09.362749500 -0400
Academic Advisement Report Substitution 8.1.23.pdf,3096224743886621,Downloads,-,2023-11-20 14:19:35.003509800 -0500,2023-11-03 12:09:40.724359500 -0400,2023-11-03 12:11:13.868928300 -0400
Set-up.exe,27021597764482102,Downloads/Adobe CS5 Master Collection/Adobe CS5 Master Collection/Adobe CS5,-,2023-11-08 04:55:59.712011800 -0500,2023-10-18 14:55:32.937345000 -0400,2023-10-18 15:00:25.777292500 -0400
install-en_GB.xml,6192449487893621,Downloads/Adobe CS5 Master Collection/Adobe CS5 Master Collection/Adobe CS5/deploy,-,2023-10-18 14:56:59.992649100 -0400,2023-10-18 14:55:32.992351600 -0400,2023-10-18 14:55:32.992351600 -0400
install-en_US.xml,13229323905660055,Downloads/Adobe CS5 Master Collection/Adobe CS5 Master Collection/Adobe CS5/deploy,-,2023-10-18 14:56:59.972544700 -0400,2023-10-18 14:55:33.037508800 -0400,2023-10-18 14:55:33.037508800 -0400
uninstall-en_GB.xml,3096224744076541,Downloads/Adobe CS5 Master Collection/Adobe CS5 Master Collection/Adobe CS5/deploy,-,2023-10-18 14:56:59.945602300 -0400,2023-10-18 14:55:33.081289600 -0400,2023-10-18 14:55:33.081289600 -0400
uninstall-en_US.xml,4785074604363124,Downloads/Adobe CS5 Master Collection/Adobe CS5 Master Collection/Adobe CS5/deploy,-,2023-10-18 14:56:59.927509400 -0400,2023-10-18 14:55:33.122513000 -0400,2023-10-18 14:55:33.122513000 -0400
DWA.pima,4222124650985385,Downloads/Adobe CS5 Master Collection/Adobe CS5 Master Collection/Adobe CS5/packages/DWA,-,2023-10-18 14:55:33.571853700 -0400,2023-10-18 14:55:33.571853700 -0400,2023-10-18 14:55:33.571853700 -0400
DWA.pimx,2814749767434766,Downloads/Adobe CS5 Master Collection/Adobe CS5 Master Collection/Adobe CS5/packages/DWA,-,2023-10-18 14:55:33.619196100 -0400,2023-10-18 14:55:33.619196100 -0400,2023-10-18 14:55:33.619196100 -0400
LWA.pima,3377699720856355,Downloads/Adobe CS5 Master Collection/Adobe CS5 Master Collection/Adobe CS5/packages/LWA,-,2023-10-18 14:55:33.717557200 -0400,2023-10-18 14:55:33.717557200 -0400,2023-10-18 14:55:33.717557200 -0400
LWA.pimx,2814749767435065,Downloads/Adobe CS5 Master Collection/Adobe CS5 Master Collection/Adobe CS5/packages/LWA,-,2023-10-18 14:55:33.772634200 -0400,2023-10-18 14:55:33.772634200 -0400,2023-10-18 14:55:33.772634200 -0400
UWA.pima,3377699720857989,Downloads/Adobe CS5 Master Collection/Adobe CS5 Master Collection/Adobe CS5/packages/UWA,-,2023-10-18 14:55:33.897438000 -0400,2023-10-18 14:55:33.897438000 -0400,2023-10-18 14:55:33.897438000 -0400
UWA.pimx,2251799814015508,Downloads/Adobe CS5 Master Collection/Adobe CS5 Master Collection/Adobe CS5/packages/UWA,-,2023-10-18 14:55:33.938520300 -0400,2023-10-18 14:55:33.938520300 -0400,2023-10-18 14:55:33.938520300 -0400
PDApp.pima,4222124650980617,Downloads/Adobe CS5 Master Collection/Adobe CS5 Master Collection/Adobe CS5/packages/core,-,2023-10-18 14:55:33.337295900 -0400,2023-10-18 14:55:33.337295900 -0400,2023-10-18 14:55:33.337295900 -0400
PDApp.pimx,4503599627691374,Downloads/Adobe CS5 Master Collection/Adobe CS5 Master Collection/Adobe CS5/packages/core,-,2023-10-18 15:00:26.260549200 -0400,2023-10-18 14:55:33.381707800 -0400,2023-10-18 14:55:33.381707800 -0400
install.sig,1970324837286339,Downloads/Adobe CS5 Master Collection/Adobe CS5 Master Collection/Adobe CS5/packages,-,2023-10-18 14:55:33.167219200 -0400,2023-10-18 14:55:33.167219200 -0400,2023-10-18 14:55:33.167219200 -0400
AIR2_Flash11-en_US.boot.xml,1688849860633185,Downloads/Adobe CS5 Master Collection/Adobe CS5 Master Collection/Adobe CS5/payloads/AIR2_Flash11-en_US,-,2023-10-24 00:38:34.030246700 -0400,2023-10-18 14:58:08.950166600 -0400,2023-10-18 14:58:08.950166600 -0400
AIR2_Flash11-en_US.proxy.xml,1688849860633186,Downloads/Adobe CS5 Master Collection/Adobe CS5 Master Collection/Adobe CS5/payloads/AIR2_Flash11-en_US,-,2023-10-24 00:38:34.040369500 -0400,2023-10-18 14:58:08.992365100 -0400,2023-10-18 14:58:08.992365100 -0400
Assets1_1.zip,1970324837343381,Downloads/Adobe CS5 Master Collection/Adobe CS5 Master Collection/Adobe CS5/payloads/AIR2_Flash11-en_US,-,2023-10-24 00:38:34.041510700 -0400,2023-10-18 14:58:09.057746800 -0400,2023-10-18 14:58:09.057746800 -0400
Install.db,1970324837343844,Downloads/Adobe CS5 Master Collection/Adobe CS5 Master Collection/Adobe CS5/payloads/AIR2_Flash11-en_US,-,2023-10-24 00:38:34.041510700 -0400,2023-10-18 14:58:09.087669800 -0400,2023-10-18 14:58:09.087669800 -0400
Media_db.db,1688849860633190,Downloads/Adobe CS5 Master Collection/Adobe CS5 Master Collection/Adobe CS5/payloads/AIR2_Flash11-en_US,-,2023-10-24 00:38:34.057137000 -0400,2023-10-18 14:58:09.147651400 -0400,2023-10-18 14:58:09.147651400 -0400
media.sql,1688849860633189,Downloads/Adobe CS5 Master Collection/Adobe CS5 Master Collection/Adobe CS5/payloads/AIR2_Flash11-en_US,-,2023-10-24 00:38:34.057137000 -0400,2023-10-18 14:58:09.117757800 -0400,2023-10-18 14:58:09.117757800 -0400
AIR2_Flash11-mul.boot.xml,1688849860633192,Downloads/Adobe CS5 Master Collection/Adobe CS5 Master Collection/Adobe CS5/payloads/AIR2_Flash11-mul,-,2023-10-24 00:38:34.194170700 -0400,2023-10-18 14:58:09.212781200 -0400,2023-10-18 14:58:09.212781200 -0400
AIR2_Flash11-mul.proxy.xml,1688849860633193,Downloads/Adobe CS5 Master Collection/Adobe CS5 Master Collection/Adobe CS5/payloads/AIR2_Flash11-mul,-,2023-10-24 00:38:34.203294900 -0400,2023-10-18 14:58:09.257569300 -0400,2023-10-18 14:58:09.257569300 -0400
Assets1_1.zip,1688849860633194,Downloads/Adobe CS5 Master Collection/Adobe CS5 Master Collection/Adobe CS5/payloads/AIR2_Flash11-mul,-,2023-10-24 00:38:34.203294900 -0400,2023-10-18 14:58:09.812343100 -0400,2023-10-18 14:58:09.812343100 -0400
Install.db,1688849860633195,Downloads/Adobe CS5 Master Collection/Adobe CS5 Master Collection/Adobe CS5/payloads/AIR2_Flash11-mul,-,2023-10-24 00:38:34.219154500 -0400,2023-10-18 14:58:09.847640400 -0400,2023-10-18 14:58:09.847640400 -0400
Media_db.db,1688849860633197,Downloads/Adobe CS5 Master Collection/Adobe CS5 Master Collection/Adobe CS5/payloads/AIR2_Flash11-mul,-,2023-10-24 00:38:34.234165100 -0400,2023-10-18 14:58:09.907799800 -0400,2023-10-18 14:58:09.907799800 -0400
media.sql,1688849860633196,Downloads/Adobe CS5 Master Collection/Adobe CS5 Master Collection/Adobe CS5/payloads/AIR2_Flash11-mul,-,2023-10-24 00:38:34.231161000 -0400,2023-10-18 14:58:09.877354600 -0400,2023-10-18 14:58:09.877354600 -0400
AMECore5All.boot.xml,1688849860633199,Downloads/Adobe CS5 Master Collection/Adobe CS5 Master Collection/Adobe CS5/payloads/AMECore5All,-,2023-10-24 00:38:34.351930900 -0400,2023-10-18 14:58:10.032419200 -0400,2023-10-18 14:58:10.032419200 -0400
AMECore5All.proxy.xml,1688849860633200,Downloads/Adobe CS5 Master Collection/Adobe CS5 Master Collection/Adobe CS5/payloads/AMECore5All,-,2023-10-24 00:38:34.367472800 -0400,2023-10-18 14:58:10.127614700 -0400,2023-10-18 14:58:10.127614700 -0400
Assets2_1.zip,1688849860633201,Downloads/Adobe CS5 Master Collection/Adobe CS5 Master Collection/Adobe CS5/payloads/AMECore5All,-,2023-10-24 00:38:34.384982500 -0400,2023-10-18 14:58:11.712669100 -0400,2023-10-18 14:58:11.712669100 -0400
Install.db,1688849860633202,Downloads/Adobe CS5 Master Collection/Adobe CS5 Master Collection/Adobe CS5/payloads/AMECore5All,-,2023-10-24 00:38:34.389036900 -0400,2023-10-18 14:58:11.748829300 -0400,2023-10-18 14:58:11.748829300 -0400
Media_db.db,1688849860633204,Downloads/Adobe CS5 Master Collection/Adobe CS5 Master Collection/Adobe CS5/payloads/AMECore5All,-,2023-10-24 00:38:34.401023200 -0400,2023-10-18 14:58:11.822832800 -0400,2023-10-18 14:58:11.822832800 -0400
media.sql,1688849860633203,Downloads/Adobe CS5 Master Collection/Adobe CS5 Master Collection/Adobe CS5/payloads/AMECore5All,-,2023-10-24 00:38:34.401023200 -0400,2023-10-18 14:58:11.787596500 -0400,2023-10-18 14:58:11.787596500 -0400
AMECore5All_x64.boot.xml,1688849860633206,Downloads/Adobe CS5 Master Collection/Adobe CS5 Master Collection/Adobe CS5/payloads/AMECore5All_x64,-,2023-10-24 00:38:34.522913700 -0400,2023-10-18 14:58:11.882884500 -0400,2023-10-18 14:58:11.882884500 -0400
AMECore5All_x64.proxy.xml,1688849860633207,Downloads/Adobe CS5 Master Collection/Adobe CS5 Master Collection/Adobe CS5/payloads/AMECore5All_x64,-,2023-10-24 00:38:34.537951500 -0400,2023-10-18 14:58:11.927497100 -0400,2023-10-18 14:58:11.927497100 -0400
Assets2_1.zip,1688849860633208,Downloads/Adobe CS5 Master Collection/Adobe CS5 Master Collection/Adobe CS5/payloads/AMECore5All_x64,-,2023-10-24 00:38:34.555792900 -0400,2023-10-18 14:58:13.862575400 -0400,2023-10-18 14:58:13.862575400 -0400
Install.db,3659174697352163,Downloads/Adobe CS5 Master Collection/Adobe CS5 Master Collection/Adobe CS5/payloads/AMECore5All_x64,-,2023-10-24 00:38:34.559035500 -0400,2023-10-18 14:58:13.916711000 -0400,2023-10-18 14:58:13.916711000 -0400
Media_db.db,1688849860633211,Downloads/Adobe CS5 Master Collection/Adobe CS5 Master Collection/Adobe CS5/payloads/AMECore5All_x64,-,2023-10-24 00:38:34.570999500 -0400,2023-10-18 14:58:13.977653300 -0400,2023-10-18 14:58:13.977653300 -0400
media.sql,1970324837343866,Downloads/Adobe CS5 Master Collection/Adobe CS5 Master Collection/Adobe CS5/payloads/AMECore5All_x64,-,2023-10-24 00:38:34.570999500 -0400,2023-10-18 14:58:13.947778300 -0400,2023-10-18 14:58:13.947778300 -0400
AMEDolby5All.boot.xml,1688849860633213,Downloads/Adobe CS5 Master Collection/Adobe CS5 Master Collection/Adobe CS5/payloads/AMEDolby5All,-,2023-10-24 00:38:34.693194600 -0400,2023-10-18 14:58:14.027754600 -0400,2023-10-18 14:58:14.027754600 -0400
AMEDolby5All.proxy.xml,1688849860633214,Downloads/Adobe CS5 Master Collection/Adobe CS5 Master Collection/Adobe CS5/payloads/AMEDolby5All,-,2023-10-24 00:38:34.701386900 -0400,2023-10-18 14:58:14.082391900 -0400,2023-10-18 14:58:14.082391900 -0400
Assets2_1.zip,1688849860633215,Downloads/Adobe CS5 Master Collection/Adobe CS5 Master Collection/Adobe CS5/payloads/AMEDolby5All,-,2023-10-24 00:38:34.701386900 -0400,2023-10-18 14:58:14.127742100 -0400,2023-10-18 14:58:14.127742100 -0400
Install.db,1688849860633216,Downloads/Adobe CS5 Master Collection/Adobe CS5 Master Collection/Adobe CS5/payloads/AMEDolby5All,-,2023-10-24 00:38:34.717011800 -0400,2023-10-18 14:58:14.157559500 -0400,2023-10-18 14:58:14.157559500 -0400
Media_db.db,1688849860633218,Downloads/Adobe CS5 Master Collection/Adobe CS5 Master Collection/Adobe CS5/payloads/AMEDolby5All,-,2023-10-24 00:38:34.732638400 -0400,2023-10-18 14:58:14.227599900 -0400,2023-10-18 14:58:14.227599900 -0400
media.sql,1688849860633217,Downloads/Adobe CS5 Master Collection/Adobe CS5 Master Collection/Adobe CS5/payloads/AMEDolby5All,-,2023-10-24 00:38:34.717011800 -0400,2023-10-18 14:58:14.197321100 -0400,2023-10-18 14:58:14.197321100 -0400
AMEDolby5All_x64.boot.xml,1688849860633220,Downloads/Adobe CS5 Master Collection/Adobe CS5 Master Collection/Adobe CS5/payloads/AMEDolby5All_x64,-,2023-10-24 00:38:34.857139600 -0400,2023-10-18 14:58:14.287422800 -0400,2023-10-18 14:58:14.287422800 -0400
AMEDolby5All_x64.proxy.xml,1688849860633221,Downloads/Adobe CS5 Master Collection/Adobe CS5 Master Collection/Adobe CS5/payloads/AMEDolby5All_x64,-,2023-10-24 00:38:34.866360800 -0400,2023-10-18 14:58:14.328827400 -0400,2023-10-18 14:58:14.328827400 -0400
Assets2_1.zip,1688849860633222,Downloads/Adobe CS5 Master Collection/Adobe CS5 Master Collection/Adobe CS5/payloads/AMEDolby5All_x64,-,2023-10-24 00:38:34.866360800 -0400,2023-10-18 14:58:14.807618500 -0400,2023-10-18 14:58:14.807618500 -0400
Install.db,1688849860633223,Downloads/Adobe CS5 Master Collection/Adobe CS5 Master Collection/Adobe CS5/payloads/AMEDolby5All_x64,-,2023-10-24 00:38:34.866360800 -0400,2023-10-18 14:58:14.837601600 -0400,2023-10-18 14:58:14.837601600 -0400
Media_db.db,1688849860633225,Downloads/Adobe CS5 Master Collection/Adobe CS5 Master Collection/Adobe CS5/payloads/AMEDolby5All_x64,-,2023-10-24 00:38:34.883493300 -0400,2023-10-18 14:58:14.892341900 -0400,2023-10-18 14:58:14.892341900 -0400
media.sql,1688849860633224,Downloads/Adobe CS5 Master Collection/Adobe CS5 Master Collection/Adobe CS5/payloads/AMEDolby5All_x64,-,2023-10-24 00:38:34.883493300 -0400,2023-10-18 14:58:14.867607000 -0400,2023-10-18 14:58:14.867607000 -0400
AMEDolbyWrapper5All.boot.xml,1688849860633227,Downloads/Adobe CS5 Master Collection/Adobe CS5 Master Collection/Adobe CS5/payloads/AMEDolbyWrapper5All,-,2023-10-24 00:38:35.015233900 -0400,2023-10-18 14:58:14.950420900 -0400,2023-10-18 14:58:14.950420900 -0400
AMEDolbyWrapper5All.proxy.xml,1688849860633228,Downloads/Adobe CS5 Master Collection/Adobe CS5 Master Collection/Adobe CS5/payloads/AMEDolbyWrapper5All,-,2023-10-24 00:38:35.015233900 -0400,2023-10-18 14:58:14.998632600 -0400,2023-10-18 14:58:14.998632600 -0400
Assets2_1.zip,1688849860633229,Downloads/Adobe CS5 Master Collection/Adobe CS5 Master Collection/Adobe CS5/payloads/AMEDolbyWrapper5All,-,2023-10-24 00:38:35.040174800 -0400,2023-10-18 14:58:15.267420000 -0400,2023-10-18 14:58:15.267420000 -0400
Install.db,1688849860633230,Downloads/Adobe CS5 Master Collection/Adobe CS5 Master Collection/Adobe CS5/payloads/AMEDolbyWrapper5All,-,2023-10-24 00:38:35.043424400 -0400,2023-10-18 14:58:15.297450200 -0400,2023-10-18 14:58:15.297450200 -0400
Media_db.db,1688849860633232,Downloads/Adobe CS5 Master Collection/Adobe CS5 Master Collection/Adobe CS5/payloads/AMEDolbyWrapper5All,-,2023-10-24 00:38:35.048662300 -0400,2023-10-18 14:58:15.362292300 -0400,2023-10-18 14:58:15.362292300 -0400
media.sql,1688849860633231,Downloads/Adobe CS5 Master Collection/Adobe CS5 Master Collection/Adobe CS5/payloads/AMEDolbyWrapper5All,-,2023-10-24 00:38:35.048662300 -0400,2023-10-18 14:58:15.327326600 -0400,2023-10-18 14:58:15.327326600 -0400
AMEDolbyWrapper5All_x64.boot.xml,1688849860633234,Downloads/Adobe CS5 Master Collection/Adobe CS5 Master Collection/Adobe CS5/payloads/AMEDolbyWrapper5All_x64,-,2023-10-24 00:38:35.166438500 -0400,2023-10-18 14:58:15.417263600 -0400,2023-10-18 14:58:15.417263600 -0400
AMEDolbyWrapper5All_x64.proxy.xml,1688849860633235,Downloads/Adobe CS5 Master Collection/Adobe CS5 Master Collection/Adobe CS5/payloads/AMEDolbyWrapper5All_x64,-,2023-10-24 00:38:35.183008500 -0400,2023-10-18 14:58:15.462399200 -0400,2023-10-18 14:58:15.462399200 -0400
Assets2_1.zip,1688849860633236,Downloads/Adobe CS5 Master Collection/Adobe CS5 Master Collection/Adobe CS5/payloads/AMEDolbyWrapper5All_x64,-,2023-10-24 00:38:35.194032800 -0400,2023-10-18 14:58:16.242707400 -0400,2023-10-18 14:58:16.242707400 -0400
Install.db,1688849860633237,Downloads/Adobe CS5 Master Collection/Adobe CS5 Master Collection/Adobe CS5/payloads/AMEDolbyWrapper5All_x64,-,2023-10-24 00:38:35.198086200 -0400,2023-10-18 14:58:16.312600600 -0400,2023-10-18 14:58:16.312600600 -0400
Media_db.db,1688849860633239,Downloads/Adobe CS5 Master Collection/Adobe CS5 Master Collection/Adobe CS5/payloads/AMEDolbyWrapper5All_x64,-,2023-10-24 00:38:35.199216100 -0400,2023-10-18 14:58:16.372562300 -0400,2023-10-18 14:58:16.372562300 -0400
media.sql,1688849860633238,Downloads/Adobe CS5 Master Collection/Adobe CS5 Master Collection/Adobe CS5/payloads/AMEDolbyWrapper5All_x64,-,2023-10-24 00:38:35.199216100 -0400,2023-10-18 14:58:16.337396500 -0400,2023-10-18 14:58:16.337396500 -0400
AMEPCI5All.boot.xml,1688849860633241,Downloads/Adobe CS5 Master Collection/Adobe CS5 Master Collection/Adobe CS5/payloads/AMEPCI5All,-,2023-10-24 00:38:35.324422200 -0400,2023-10-18 14:58:16.417789400 -0400,2023-10-18 14:58:16.417789400 -0400
AMEPCI5All.proxy.xml,1688849860633242,Downloads/Adobe CS5 Master Collection/Adobe CS5 Master Collection/Adobe CS5/payloads/AMEPCI5All,-,2023-10-24 00:38:35.331681600 -0400,2023-10-18 14:58:16.467205900 -0400,2023-10-18 14:58:16.467205900 -0400
Assets2_1.zip,1688849860633243,Downloads/Adobe CS5 Master Collection/Adobe CS5 Master Collection/Adobe CS5/payloads/AMEPCI5All,-,2023-10-24 00:38:35.347307900 -0400,2023-10-18 14:58:16.717195300 -0400,2023-10-18 14:58:16.717195300 -0400
Install.db,1688849860633244,Downloads/Adobe CS5 Master Collection/Adobe CS5 Master Collection/Adobe CS5/payloads/AMEPCI5All,-,2023-10-24 00:38:35.347307900 -0400,2023-10-18 14:58:16.747647000 -0400,2023-10-18 14:58:16.747647000 -0400
Media_db.db,1688849860633246,Downloads/Adobe CS5 Master Collection/Adobe CS5 Master Collection/Adobe CS5/payloads/AMEPCI5All,-,2023-10-24 00:38:35.364536100 -0400,2023-10-18 14:58:16.812486300 -0400,2023-10-18 14:58:16.812486300 -0400
media.sql,1688849860633245,Downloads/Adobe CS5 Master Collection/Adobe CS5 Master Collection/Adobe CS5/payloads/AMEPCI5All,-,2023-10-24 00:38:35.364536100 -0400,2023-10-18 14:58:16.777308700 -0400,2023-10-18 14:58:16.777308700 -0400
AMEPCI5All_x64.boot.xml,1688849860633248,Downloads/Adobe CS5 Master Collection/Adobe CS5 Master Collection/Adobe CS5/payloads/AMEPCI5All_x64,-,2023-10-24 00:38:35.474871400 -0400,2023-10-18 14:58:16.859452600 -0400,2023-10-18 14:58:16.859452600 -0400
AMEPCI5All_x64.proxy.xml,1688849860633249,Downloads/Adobe CS5 Master Collection/Adobe CS5 Master Collection/Adobe CS5/payloads/AMEPCI5All_x64,-,2023-10-24 00:38:35.489897000 -0400,2023-10-18 14:58:16.907326600 -0400,2023-10-18 14:58:16.907326600 -0400
Assets2_1.zip,1688849860633250,Downloads/Adobe CS5 Master Collection/Adobe CS5 Master Collection/Adobe CS5/payloads/AMEPCI5All_x64,-,2023-10-24 00:38:35.505533300 -0400,2023-10-18 14:58:17.107519400 -0400,2023-10-18 14:58:17.107519400 -0400
Install.db,1688849860633251,Downloads/Adobe CS5 Master Collection/Adobe CS5 Master Collection/Adobe CS5/payloads/AMEPCI5All_x64,-,2023-10-24 00:38:35.505533300 -0400,2023-10-18 14:58:17.130609900 -0400,2023-10-18 14:58:17.130609900 -0400
Media_db.db,1688849860633253,Downloads/Adobe CS5 Master Collection/Adobe CS5 Master Collection/Adobe CS5/payloads/AMEPCI5All_x64,-,2023-10-24 00:38:35.521753600 -0400,2023-10-18 14:58:17.193532300 -0400,2023-10-18 14:58:17.193532300 -0400
media.sql,1688849860633252,Downloads/Adobe CS5 Master Collection/Adobe CS5 Master Collection/Adobe CS5/payloads/AMEPCI5All_x64,-,2023-10-24 00:38:35.521753600 -0400,2023-10-18 14:58:17.162560300 -0400,2023-10-18 14:58:17.162560300 -0400
AMEPCIWrapper5All.boot.xml,1688849860633255,Downloads/Adobe CS5 Master Collection/Adobe CS5 Master Collection/Adobe CS5/payloads/AMEPCIWrapper5All,-,2023-10-24 00:38:35.631910100 -0400,2023-10-18 14:58:17.247531300 -0400,2023-10-18 14:58:17.247531300 -0400
AMEPCIWrapper5All.proxy.xml,1688849860633256,Downloads/Adobe CS5 Master Collection/Adobe CS5 Master Collection/Adobe CS5/payloads/AMEPCIWrapper5All,-,2023-10-24 00:38:35.647552100 -0400,2023-10-18 14:58:17.287287000 -0400,2023-10-18 14:58:17.287287000 -0400
Assets2_1.zip,1688849860633257,Downloads/Adobe CS5 Master Collection/Adobe CS5 Master Collection/Adobe CS5/payloads/AMEPCIWrapper5All,-,2023-10-24 00:38:35.663065200 -0400,2023-10-18 14:58:17.704189500 -0400,2023-10-18 14:58:17.704189500 -0400
Install.db,1688849860633258,Downloads/Adobe CS5 Master Collection/Adobe CS5 Master Collection/Adobe CS5/payloads/AMEPCIWrapper5All,-,2023-10-24 00:38:35.663065200 -0400,2023-10-18 14:58:17.742342400 -0400,2023-10-18 14:58:17.742342400 -0400
Media_db.db,1688849860633260,Downloads/Adobe CS5 Master Collection/Adobe CS5 Master Collection/Adobe CS5/payloads/AMEPCIWrapper5All,-,2023-10-24 00:38:35.685812600 -0400,2023-10-18 14:58:17.787553100 -0400,2023-10-18 14:58:17.787553100 -0400
media.sql,1688849860633259,Downloads/Adobe CS5 Master Collection/Adobe CS5 Master Collection/Adobe CS5/payloads/AMEPCIWrapper5All,-,2023-10-24 00:38:35.678782100 -0400,2023-10-18 14:58:17.757386900 -0400,2023-10-18 14:58:17.757386900 -0400
AMEPCIWrapper5All_x64.boot.xml,1688849860633262,Downloads/Adobe CS5 Master Collection/Adobe CS5 Master Collection/Adobe CS5/payloads/AMEPCIWrapper5All_x64,-,2023-10-24 00:38:35.793276800 -0400,2023-10-18 14:58:17.842244200 -0400,2023-10-18 14:58:17.842244200 -0400
AMEPCIWrapper5All_x64.proxy.xml,1688849860633263,Downloads/Adobe CS5 Master Collection/Adobe CS5 Master Collection/Adobe CS5/payloads/AMEPCIWrapper5All_x64,-,2023-10-24 00:38:35.812276300 -0400,2023-10-18 14:58:17.880625200 -0400,2023-10-18 14:58:17.880625200 -0400
Assets2_1.zip,1688849860633264,Downloads/Adobe CS5 Master Collection/Adobe CS5 Master Collection/Adobe CS5/payloads/AMEPCIWrapper5All_x64,-,2023-10-24 00:38:35.813403000 -0400,2023-10-18 14:58:18.297291600 -0400,2023-10-18 14:58:18.297291600 -0400
Install.db,1688849860633265,Downloads/Adobe CS5 Master Collection/Adobe CS5 Master Collection/Adobe CS5/payloads/AMEPCIWrapper5All_x64,-,2023-10-24 00:38:35.813403000 -0400,2023-10-18 14:58:18.317450600 -0400,2023-10-18 14:58:18.317450600 -0400
